{
  "config": {
    "device": "cuda",
    "seed": 0,
    "d": 384,
    "n_head": 6,
    "n_layer": 6,
    "hidden": 1024,
    "n_exp": 8,
    "k": 2,
    "block": 256,
    "bs": 32,
    "steps": 2000,
    "lr": 0.003,
    "wd": 0.1,
    "grad_clip": 1.0,
    "amp": true
  },
  "pams_eps": 0.008,
  "pams_lambda": 0.1,
  "arms": {
    "hard": {
      "final_loss": 2.275,
      "train_loss_curve": [
        [
          0,
          4.204
        ],
        [
          100,
          2.6153
        ],
        [
          200,
          2.4809
        ],
        [
          300,
          2.4608
        ],
        [
          400,
          2.445
        ],
        [
          500,
          2.4675
        ],
        [
          600,
          2.455
        ],
        [
          700,
          2.4504
        ],
        [
          800,
          2.4671
        ],
        [
          900,
          2.3961
        ],
        [
          1000,
          2.4472
        ],
        [
          1100,
          2.4491
        ],
        [
          1200,
          2.4502
        ],
        [
          1300,
          2.4422
        ],
        [
          1400,
          2.3469
        ],
        [
          1500,
          2.3223
        ],
        [
          1600,
          2.3214
        ],
        [
          1700,
          2.2986
        ],
        [
          1800,
          2.1909
        ],
        [
          1900,
          2.275
        ]
      ],
      "A_full_forward_flip": {
        "flip_rate": 0.013336181640625,
        "jaccard_mean": 0.008890787760416668,
        "n_tokens": 65536,
        "n_flipped": 874
      },
      "C_dt_distribution": {
        "n_tokens": 65536,
        "k": 2,
        "d_t_min": 1.430511474609375e-05,
        "d_t_1pct": 0.013179779052734375,
        "d_t_5pct": 0.06759810447692871,
        "d_t_50pct": 0.8858962059020996,
        "d_t_mean": 1.4236341714859009,
        "left_tail_frac": {
          "frac_d_t_lt_0.0001": 9.1552734375e-05,
          "frac_d_t_lt_0.001": 0.0008087158203125,
          "frac_d_t_lt_0.01": 0.007904052734375,
          "frac_d_t_lt_0.04": 0.0298614501953125,
          "frac_d_t_lt_0.1": 0.0735321044921875,
          "frac_d_t_lt_0.5": 0.3236541748046875
        }
      },
      "M2_tear_med": 0.8125,
      "M2_cos_kk1": 0.269,
      "hardG": 6.33,
      "hardJump": 0.0001
    },
    "pams": {
      "final_loss": 2.313,
      "train_loss_curve": [
        [
          0,
          4.204
        ],
        [
          100,
          3.3799
        ],
        [
          200,
          3.125
        ],
        [
          300,
          2.6741
        ],
        [
          400,
          2.5952
        ],
        [
          500,
          2.598
        ],
        [
          600,
          2.6529
        ],
        [
          700,
          2.5703
        ],
        [
          800,
          2.6101
        ],
        [
          900,
          2.5401
        ],
        [
          1000,
          2.5408
        ],
        [
          1100,
          2.4881
        ],
        [
          1200,
          2.4826
        ],
        [
          1300,
          2.4908
        ],
        [
          1400,
          2.4245
        ],
        [
          1500,
          2.391
        ],
        [
          1600,
          2.4031
        ],
        [
          1700,
          2.372
        ],
        [
          1800,
          2.3619
        ],
        [
          1900,
          2.313
        ]
      ],
      "pams_reg_curve": [
        [
          0,
          9.0406
        ],
        [
          100,
          0.008
        ],
        [
          200,
          0.0
        ],
        [
          300,
          0.0
        ],
        [
          400,
          0.0
        ],
        [
          500,
          0.0
        ],
        [
          600,
          0.0021
        ],
        [
          700,
          0.0002
        ],
        [
          800,
          0.0611
        ],
        [
          900,
          0.016
        ],
        [
          1000,
          0.0
        ],
        [
          1100,
          0.0
        ],
        [
          1200,
          0.0
        ],
        [
          1300,
          0.0
        ],
        [
          1400,
          0.0
        ],
        [
          1500,
          0.0
        ],
        [
          1600,
          0.0
        ],
        [
          1700,
          0.0
        ],
        [
          1800,
          0.0
        ],
        [
          1900,
          0.0
        ]
      ],
      "A_full_forward_flip": {
        "flip_rate": 0.0003204345703125,
        "jaccard_mean": 0.0,
        "n_tokens": 65536,
        "n_flipped": 21
      },
      "C_dt_distribution": {
        "n_tokens": 65536,
        "k": 2,
        "d_t_min": 1.6770042181015015,
        "d_t_1pct": 5.507355213165283,
        "d_t_5pct": 6.899640083312988,
        "d_t_50pct": 10.580134391784668,
        "d_t_mean": 10.570871353149414,
        "left_tail_frac": {
          "frac_d_t_lt_0.0001": 0.0,
          "frac_d_t_lt_0.001": 0.0,
          "frac_d_t_lt_0.01": 0.0,
          "frac_d_t_lt_0.04": 0.0,
          "frac_d_t_lt_0.1": 0.0,
          "frac_d_t_lt_0.5": 0.0
        }
      },
      "M2_tear_med": 0.9367,
      "M2_cos_kk1": 0.0953,
      "hardG": 1.87,
      "hardJump": 0.002
    }
  },
  "flip_reduction_frac": 0.9759725400457666,
  "loss_delta": 0.038000000000000256,
  "verdict": "PAMS_REDUCES_FLIP_LOSS_HELD",
  "evidence_tier": "E",
  "note": "C4 \u6838\u5fc3\u547d\u9898: PAMS \u964d bf16 \u7ffb\u8f6c\u7387\u800c loss \u6301\u5e73 (Sec8 \u4e00\u81f4\u6027). REDUCES_FLIP_LOSS_HELD=\u901a\u8fc7; LOSS_COST=\u9000\u5316\u4e3a2.2\u98ce\u9669; NO_EFFECT=PAMS \u65e0\u5bf9\u8c61 (\u53cd\u6570\u636e\u4fee\u8865: \u5982\u5b9e\u62a5\u544a\u4e0d\u91cd\u5199)."
}