{
  "experiment": "exp1_cost_50seeds",
  "model": "allenai/OLMoE-1B-7B-0125",
  "k": 8,
  "m0": 0.05,
  "n_seeds": 50,
  "n_win_per_seed": 10,
  "window": 128,
  "hard_medians": [
    1.4457130432128906,
    1.5658202171325684,
    1.706716537475586,
    1.4814214706420898,
    1.4224789142608643,
    1.4246746301651,
    1.8824856281280518,
    1.321387529373169,
    1.8480401039123535,
    1.4861981868743896,
    1.3696566820144653,
    1.8280625343322754,
    1.547562599182129,
    1.0299742221832275,
    1.5720117092132568,
    1.520287275314331,
    1.59285569190979,
    1.6580075025558472,
    1.4273507595062256,
    1.8253746032714844,
    1.5281472206115723,
    1.6295673847198486,
    1.8232052326202393,
    1.5995241403579712,
    1.8234994411468506,
    1.3542394638061523,
    1.7485105991363525,
    1.5717865228652954,
    1.542151927947998,
    1.6710929870605469,
    2.008273124694824,
    1.7753148078918457,
    1.6237456798553467,
    1.3597220182418823,
    1.580870270729065,
    1.5458893775939941,
    1.7163759469985962,
    1.4455007314682007,
    1.8643494844436646,
    1.5839080810546875,
    1.815967082977295,
    1.555518627166748,
    1.8708161115646362,
    1.5862653255462646,
    1.6433215141296387,
    1.5609731674194336,
    1.212944507598877,
    1.4782196283340454,
    1.6229997873306274,
    1.6610937118530273
  ],
  "local_medians": [
    1.4355098009109497,
    1.6037938594818115,
    1.7099359035491943,
    1.5000313520431519,
    1.4087622165679932,
    1.4183248281478882,
    1.8755196332931519,
    1.325057864189148,
    1.8068662881851196,
    1.4837409257888794,
    1.3782780170440674,
    1.8171026706695557,
    1.544450283050537,
    1.0284595489501953,
    1.572455644607544,
    1.535889744758606,
    1.5816643238067627,
    1.6628730297088623,
    1.4219383001327515,
    1.8264405727386475,
    1.5302568674087524,
    1.640941858291626,
    1.8091509342193604,
    1.602373719215393,
    1.8333497047424316,
    1.3439861536026,
    1.7372785806655884,
    1.5666675567626953,
    1.5355198383331299,
    1.6987619400024414,
    2.004246950149536,
    1.8022513389587402,
    1.6141877174377441,
    1.3631672859191895,
    1.5810924768447876,
    1.547865629196167,
    1.7146546840667725,
    1.4073083400726318,
    1.8780972957611084,
    1.6078243255615234,
    1.8272879123687744,
    1.5505220890045166,
    1.8470335006713867,
    1.5765972137451172,
    1.646956205368042,
    1.5491611957550049,
    1.2050623893737793,
    1.50461745262146,
    1.6194262504577637,
    1.668759822845459
  ],
  "costs": [
    -0.010203242301940918,
    0.037973642349243164,
    0.0032193660736083984,
    0.01860988140106201,
    -0.013716697692871094,
    -0.006349802017211914,
    -0.006965994834899902,
    0.003670334815979004,
    -0.04117381572723389,
    -0.002457261085510254,
    0.00862133502960205,
    -0.010959863662719727,
    -0.003112316131591797,
    -0.0015146732330322266,
    0.0004439353942871094,
    0.015602469444274902,
    -0.011191368103027344,
    0.004865527153015137,
    -0.005412459373474121,
    0.001065969467163086,
    0.0021096467971801758,
    0.011374473571777344,
    -0.014054298400878906,
    0.002849578857421875,
    0.009850263595581055,
    -0.010253310203552246,
    -0.01123201847076416,
    -0.005118966102600098,
    -0.006632089614868164,
    0.02766895294189453,
    -0.004026174545288086,
    0.02693653106689453,
    -0.009557962417602539,
    0.003445267677307129,
    0.00022220611572265625,
    0.0019762516021728516,
    -0.0017212629318237305,
    -0.03819239139556885,
    0.013747811317443848,
    0.023916244506835938,
    0.011320829391479492,
    -0.004996538162231445,
    -0.02378261089324951,
    -0.009668111801147461,
    0.0036346912384033203,
    -0.011811971664428711,
    -0.007882118225097656,
    0.02639782428741455,
    -0.0035735368728637695,
    0.007666110992431641
  ],
  "bootstrap": {
    "cost_median": -0.0016179680824279785,
    "cost_mean": -0.0001674342155456543,
    "cost_ci_95": [
      -0.005118966102600098,
      0.002779260277748106
    ],
    "contains_zero": true,
    "n_seeds": 50,
    "n_boot": 1000,
    "min_cost": -0.04117381572723389,
    "max_cost": 0.037973642349243164,
    "n_positive": 24,
    "n_negative": 26
  },
  "verdict": "ZERO_RESULT_AT_POWER",
  "evidence_tier": "E",
  "power_declaration": "50-seed bootstrap CI over paired per-seed median loss difference (local_soft - hard). CI includes zero.",
  "note": "local_soft_gate from phase9 (m0=0.05, margin \u6e17\u5165, \u4e0d\u5f52\u4e00\u5316, \u4e0e hard norm_topk_prob=False \u4e00\u81f4). hard=\u539f\u751f forward \u4e0d patch. paired: \u540c seed \u540c\u7a97\u53e3. \u5bf9\u5e94 limitation #5 + mock review 6\u2192accept \u8def\u5f84 (b)."
}