{
  "experiment": "exp4_jump_rel_recalc",
  "model": "/home/newtry/qwen",
  "k": 4,
  "dtype": "bf16",
  "m3_paths": 50,
  "path_seed": 0,
  "sweep_layers": [
    8,
    16
  ],
  "per_layer": [
    {
      "layer_idx": 8,
      "block_name": "model.layers.8.mlp",
      "n_experts": 60,
      "n_paths": 50,
      "jump_rel_exclusive": {
        "median": 0.4456010192846075,
        "iqr": [
          0.2938319787703665,
          0.6970731641058729
        ],
        "mean": 0.5774981409839659
      },
      "jump_rel_inclusive": {
        "median": 0.17157979685629746,
        "iqr": [
          0.12167947531341947,
          0.20052549223111477
        ],
        "mean": 0.17768063206721826
      },
      "drop_frac": 0.6149474767096333,
      "per_path_excl": [
        0.7576085607499612,
        0.5395400405917276,
        0.39470104967863445,
        1.4386755849942832,
        0.8313066968464587,
        0.2756510617817636,
        0.45637200935015265,
        1.4506869541510752,
        0.17242986600970248,
        0.35023657568917743,
        0.6494725049194122,
        0.5100353329310438,
        0.46418405557767206,
        0.3475262649799303,
        0.2530727405511964,
        0.3474596545249751,
        0.46871013952200413,
        1.3563949022592023,
        0.6452269945996557,
        0.2847593554749617,
        1.6252017723132317,
        0.6562813636395094,
        0.7106704309279941,
        0.760928023983966,
        0.44064921926980793,
        0.2895452832274676,
        0.2920890394646962,
        0.3554898446480345,
        0.1829799317789975,
        0.40734475810551746,
        0.15177598377053841,
        0.4769895225509489,
        0.8160698139660407,
        1.3481794048032711,
        0.31162783669167604,
        0.30497285716960104,
        0.2990607966873774,
        0.19665617358018056,
        1.3777456889696935,
        0.2122199203318016,
        0.8803323518080893,
        0.35563140034605734,
        0.6365478347909093,
        0.4315814826754811,
        0.2803530844046671,
        0.28434400238949603,
        0.22240936994418856,
        0.5746640799149652,
        1.5479626125616928,
        0.450552819299407
      ],
      "per_path_incl": [
        0.21300814426586384,
        0.2830716707505017,
        0.06653784871999895,
        0.1964967243779993,
        0.028641263319267973,
        0.1201369003556435,
        0.1887167126587059,
        0.4060977685775505,
        0.11024941793792617,
        0.06569974290881135,
        0.22116220408900925,
        0.18576476535134132,
        0.18308696132324506,
        0.17851755442543701,
        0.15033462133872794,
        0.17196030329051573,
        0.19977787936756156,
        0.4437283476045141,
        0.3275004101259312,
        0.11697429894105316,
        0.20077469651896585,
        0.28297284219997815,
        0.43329104430968673,
        0.11128056113817184,
        0.12630720018674732,
        0.16606189869174715,
        0.14998368411579288,
        0.1711966978207121,
        0.09777445752835083,
        0.22104864210128924,
        0.11827580426691223,
        0.21266677832655118,
        0.027495339178962023,
        0.2075122093106796,
        0.19360287722208142,
        0.14012670288895232,
        0.13811558198948287,
        0.11599874873021822,
        0.19050790748231103,
        0.11975211386609093,
        0.13162911040863337,
        0.17104299355874963,
        0.1959083722723663,
        0.1528457448421324,
        0.17313300435473059,
        0.13593750881465516,
        0.039103153946828,
        0.17282397670704083,
        0.17119929042207918,
        0.2581991204304108
      ]
    },
    {
      "layer_idx": 16,
      "block_name": "model.layers.16.mlp",
      "n_experts": 60,
      "n_paths": 50,
      "jump_rel_exclusive": {
        "median": 0.31418173688134615,
        "iqr": [
          0.21327815217528928,
          0.41675092034890915
        ],
        "mean": 0.35828743617910747
      },
      "jump_rel_inclusive": {
        "median": 0.149736396481234,
        "iqr": [
          0.11456334545898726,
          0.19615443835970706
        ],
        "mean": 0.1610649339100707
      },
      "drop_frac": 0.5234083369467671,
      "per_path_excl": [
        0.43967354227414984,
        0.2328763258928114,
        0.22554387927688038,
        0.18422478562230207,
        0.006897694435195823,
        0.320617218659535,
        0.18259170490390783,
        0.31965019894082686,
        0.32758851391103033,
        0.1319382712332642,
        1.333096002376049,
        0.41810845630647175,
        0.31109060868429633,
        0.27633152046060583,
        0.17585712887263186,
        0.2712642593038931,
        0.635473637490217,
        0.3728866835732637,
        0.798663722116958,
        0.2937502098806939,
        0.2174096694242532,
        0.3928557255584622,
        0.35882663482218613,
        0.29311184598880896,
        0.7721951495147639,
        0.6009372853458853,
        0.31727286507839597,
        0.3231065217952424,
        0.6496928884890044,
        0.36822255025442585,
        0.5597914238912847,
        0.22547435307619956,
        0.005779572915834909,
        0.5174504644553147,
        0.4126783124762214,
        0.20037301137372063,
        0.5149436919670969,
        0.21190097975896796,
        0.14803811167063244,
        0.25198279406711876,
        0.34268663915227626,
        0.19816417429502808,
        0.6414133914055579,
        0.24274121144032235,
        0.6868277325576954,
        0.20375188041209658,
        0.20674899345285688,
        0.28906790424955575,
        0.17491627594591,
        0.32788538990526894
      ],
      "per_path_incl": [
        0.2237047506192274,
        0.11376471659695073,
        0.16029104588250245,
        0.11423948956179765,
        0.0062863463001406805,
        0.1342272327959106,
        0.09423079471901316,
        0.12781546562189736,
        0.17076031350459275,
        0.10259986477576989,
        0.3477822201367987,
        0.18421621528789958,
        0.1203152863391971,
        0.14867194960771596,
        0.11685945312032707,
        0.1428243058239064,
        0.2596699277516188,
        0.15941447985078377,
        0.3765470215763185,
        0.15426694158087914,
        0.15080084335475202,
        0.2626697781885293,
        0.15584541533573848,
        0.11655369142532838,
        0.29566559683909105,
        0.16294544587454016,
        0.1984806049531402,
        0.1050521613346336,
        0.2445632687944399,
        0.10561128437776267,
        0.18917593857940757,
        0.12070375121399965,
        0.005423543947299815,
        0.22321607754499728,
        0.17900650140150717,
        0.09807055495231522,
        0.2269979341270361,
        0.11553491315055611,
        0.09458754953995092,
        0.10683470058236162,
        0.21295853677606796,
        0.11612480740941586,
        0.24690550628903438,
        0.1316377031066017,
        0.28947221457669,
        0.1163822202965511,
        0.11244068895139975,
        0.1563089844243625,
        0.10344640561154697,
        0.15134225109123078
      ]
    }
  ],
  "mean_drop_frac": 0.5691779068282002,
  "verdict": "SHARED_INFLATES_DENOMINATOR",
  "evidence_tier": "E",
  "note": "Qwen shared-exclusive (forward_hard routed only, \u8bba\u6587 canonical) vs shared-inclusive (routed + sigmoid(shared_gate)*shared, Qwen \u539f\u751f block output \u53e3\u5f84). jump_rel=jump_abs/median||y||, shared \u8fde\u7eed\u62c9\u9ad8\u5206\u6bcd. paired: \u540c path_seed boundary pair. \u5bf9\u5e94 limitation #3 \u540e\u534a."
}