{
  "model_tag": "l0_0",
  "lambda": 0.0,
  "n_tokens": 1280,
  "global_median": 0.017454855144023895,
  "global_mean": 0.10907919959051,
  "per_layer": {
    "0": {
      "n": 118,
      "jump_median": 0.06058533303439617,
      "jump_mean": 0.10308623066767893,
      "jump_p90": 0.22527055740356444
    },
    "1": {
      "n": 160,
      "jump_median": 0.015862523578107357,
      "jump_mean": 0.0947948091867147,
      "jump_p90": 0.24841753542423237
    },
    "2": {
      "n": 129,
      "jump_median": 0.028839481994509697,
      "jump_mean": 0.087217331624792,
      "jump_p90": 0.21466448903083815
    },
    "3": {
      "n": 272,
      "jump_median": 0.01994681265205145,
      "jump_mean": 0.14282938583945745,
      "jump_p90": 0.1880982220172882
    },
    "4": {
      "n": 136,
      "jump_median": 0.02510413434356451,
      "jump_mean": 0.08164462914689519,
      "jump_p90": 0.14194222539663315
    },
    "5": {
      "n": 124,
      "jump_median": 0.05337114632129669,
      "jump_mean": 0.21009305668731912,
      "jump_p90": 0.6217751383781434
    },
    "6": {
      "n": 192,
      "jump_median": 0.01922951452434063,
      "jump_mean": 0.09881590136077041,
      "jump_p90": 0.09526323527097702
    },
    "7": {
      "n": 123,
      "jump_median": 0.012046943418681622,
      "jump_mean": 0.09988914151099601,
      "jump_p90": 0.23235886991024013
    },
    "8": {
      "n": 183,
      "jump_median": 0.013511470519006252,
      "jump_mean": 0.13216792982226858,
      "jump_p90": 0.4413116574287427
    },
    "9": {
      "n": 115,
      "jump_median": 0.04374872148036957,
      "jump_mean": 0.13604548283214885,
      "jump_p90": 0.32824999690055845
    },
    "10": {
      "n": 90,
      "jump_median": 0.03365323692560196,
      "jump_mean": 0.20445479924803497,
      "jump_p90": 0.7104226529598241
    },
    "11": {
      "n": 121,
      "jump_median": 0.052083536982536316,
      "jump_mean": 0.10968138350651038,
      "jump_p90": 0.3143446445465088
    },
    "12": {
      "n": 96,
      "jump_median": 0.016321065835654736,
      "jump_mean": 0.12629723853569885,
      "jump_p90": 0.3651435822248459
    },
    "13": {
      "n": 170,
      "jump_median": 0.013898613397032022,
      "jump_mean": 0.11868607383281307,
      "jump_p90": 0.293594816327095
    },
    "14": {
      "n": 56,
      "jump_median": 0.020482057705521584,
      "jump_mean": 0.07606497382221278,
      "jump_p90": 0.2900269478559494
    },
    "15": {
      "n": 111,
      "jump_median": 0.005075396969914436,
      "jump_mean": 0.10145816983558607,
      "jump_p90": 0.2041124850511551
    },
    "16": {
      "n": 85,
      "jump_median": 0.012287995778024197,
      "jump_mean": 0.13624743719119578,
      "jump_p90": 0.40640597343444845
    },
    "17": {
      "n": 93,
      "jump_median": 0.011972399428486824,
      "jump_mean": 0.10254811749966335,
      "jump_p90": 0.4197486400604244
    },
    "18": {
      "n": 77,
      "jump_median": 0.018432671204209328,
      "jump_mean": 0.09786482086645548,
      "jump_p90": 0.4258856773376467
    },
    "19": {
      "n": 106,
      "jump_median": 0.010797325987368822,
      "jump_mean": 0.098013193823753,
      "jump_p90": 0.41400472819805145
    },
    "20": {
      "n": 86,
      "jump_median": 0.02012007124722004,
      "jump_mean": 0.0889682551043184,
      "jump_p90": 0.2847695052623749
    },
    "21": {
      "n": 87,
      "jump_median": 0.008625887334346771,
      "jump_mean": 0.07909488759820495,
      "jump_p90": 0.25815945267677354
    },
    "22": {
      "n": 192,
      "jump_median": 0.0037241062382236123,
      "jump_mean": 0.049120473844444255,
      "jump_p90": 0.030078824795782572
    },
    "23": {
      "n": 144,
      "jump_median": 0.0073416028171777725,
      "jump_mean": 0.04345117800069905,
      "jump_p90": 0.077022204548121
    }
  }
}