{
  "model_tag": "l1_0",
  "lambda": 1.0,
  "n_tokens": 1280,
  "global_median": 0.007970044389367104,
  "global_mean": 0.013165326802710734,
  "per_layer": {
    "0": {
      "n": 134,
      "jump_median": 0.008537317626178265,
      "jump_mean": 0.012811545838181402,
      "jump_p90": 0.024781212955713283
    },
    "1": {
      "n": 154,
      "jump_median": 0.008878800552338362,
      "jump_mean": 0.012732020812109113,
      "jump_p90": 0.02538857255131006
    },
    "2": {
      "n": 128,
      "jump_median": 0.00700186169706285,
      "jump_mean": 0.011567311574253836,
      "jump_p90": 0.023470093682408332
    },
    "3": {
      "n": 166,
      "jump_median": 0.006287245778366923,
      "jump_mean": 0.007248375615307006,
      "jump_p90": 0.014841686002910137
    },
    "4": {
      "n": 163,
      "jump_median": 0.00636576721444726,
      "jump_mean": 0.00755217572191353,
      "jump_p90": 0.012622254714369776
    },
    "5": {
      "n": 158,
      "jump_median": 0.004887754796072841,
      "jump_mean": 0.0070722118554978715,
      "jump_p90": 0.015297573525458576
    },
    "6": {
      "n": 104,
      "jump_median": 0.010840731672942638,
      "jump_mean": 0.021730682868600033,
      "jump_p90": 0.042508655786514284
    },
    "7": {
      "n": 106,
      "jump_median": 0.00792907364666462,
      "jump_mean": 0.014046742080025515,
      "jump_p90": 0.018719647079706192
    },
    "8": {
      "n": 65,
      "jump_median": 0.00852399505674839,
      "jump_mean": 0.015282243859166137,
      "jump_p90": 0.021687068790197377
    },
    "9": {
      "n": 110,
      "jump_median": 0.007022980600595474,
      "jump_mean": 0.010364445567723703,
      "jump_p90": 0.021300607547163966
    },
    "10": {
      "n": 149,
      "jump_median": 0.006811616476625204,
      "jump_mean": 0.010173121518799223,
      "jump_p90": 0.014393485523760323
    },
    "11": {
      "n": 111,
      "jump_median": 0.008965296670794487,
      "jump_mean": 0.014421276850961484,
      "jump_p90": 0.027469923719763756
    },
    "12": {
      "n": 88,
      "jump_median": 0.009978594724088907,
      "jump_mean": 0.01638635283664123,
      "jump_p90": 0.028443383425474165
    },
    "13": {
      "n": 75,
      "jump_median": 0.009984981268644333,
      "jump_mean": 0.014240556076789895,
      "jump_p90": 0.021160480752587318
    },
    "14": {
      "n": 121,
      "jump_median": 0.00688407476991415,
      "jump_mean": 0.009721447284572011,
      "jump_p90": 0.02155393548309803
    },
    "15": {
      "n": 104,
      "jump_median": 0.009946032892912626,
      "jump_mean": 0.015380534363570265,
      "jump_p90": 0.02954612895846367
    },
    "16": {
      "n": 64,
      "jump_median": 0.009848141577094793,
      "jump_mean": 0.013685166552022565,
      "jump_p90": 0.02715546563267708
    },
    "17": {
      "n": 60,
      "jump_median": 0.008716465905308723,
      "jump_mean": 0.01542959080543369,
      "jump_p90": 0.026727326214313507
    },
    "18": {
      "n": 95,
      "jump_median": 0.007207788992673159,
      "jump_mean": 0.026140077902298223,
      "jump_p90": 0.027345070615410826
    },
    "19": {
      "n": 111,
      "jump_median": 0.007597099989652634,
      "jump_mean": 0.0122078978519484,
      "jump_p90": 0.02462363801896572
    },
    "20": {
      "n": 85,
      "jump_median": 0.009445736184716225,
      "jump_mean": 0.014993791725924787,
      "jump_p90": 0.026609769836068154
    },
    "21": {
      "n": 77,
      "jump_median": 0.009568982757627964,
      "jump_mean": 0.017426814076599555,
      "jump_p90": 0.03305725529789926
    },
    "22": {
      "n": 70,
      "jump_median": 0.00821069860830903,
      "jump_mean": 0.016352443912598703,
      "jump_p90": 0.022625682502985002
    },
    "23": {
      "n": 66,
      "jump_median": 0.01663370430469513,
      "jump_mean": 0.020610487444862498,
      "jump_p90": 0.035588884726166725
    }
  }
}