{
  "val_ce": {
    "l0_0": {
      "before": 10.74857234954834,
      "after": 5.722948991335356,
      "best": 5.7134133118849535
    },
    "l0_s43": {
      "before": 10.756220230689415,
      "after": 5.932583148662861,
      "best": 5.9320436624380255
    },
    "l0_s44": {
      "before": 10.747651100158691,
      "after": 5.954595162318303,
      "best": 5.954130502847525
    },
    "l0_s45": {
      "before": 10.747085644648624,
      "after": 5.9364758638235235,
      "best": 5.9359732407789965
    },
    "l10_s43": {
      "before": 10.756199249854454,
      "after": 5.7842888832092285,
      "best": 5.7842266742999735
    },
    "l10_s44": {
      "before": 10.747672887948843,
      "after": 5.78929563669058,
      "best": 5.78665645305927
    },
    "l10_s45": {
      "before": 10.747110366821289,
      "after": 5.785912843850943,
      "best": 5.785693278679481
    }
  },
  "m2": {
    "l0_0": {
      "before": 0.708679606517156,
      "after": 0.7975207393368086,
      "reduction": -12.536149199532787
    },
    "l0_s43": {
      "before": 0.7085468297203382,
      "after": 0.7960180764396986,
      "reduction": -12.345160976005644
    },
    "l0_s44": {
      "before": 0.7086741228898367,
      "after": 0.8002081041534742,
      "reduction": -12.916230225873013
    },
    "l0_s45": {
      "before": 0.7085868194699287,
      "after": 0.7850176692008972,
      "reduction": -10.786377566004397
    },
    "l10_s43": {
      "before": 0.7085319136579832,
      "after": 0.04260529143114885,
      "reduction": 93.98682111421238
    },
    "l10_s44": {
      "before": 0.7086834038297335,
      "after": 0.03964026955266794,
      "reduction": 94.40649105955472
    },
    "l10_s45": {
      "before": 0.7086285377542177,
      "after": 0.042720750284691654,
      "reduction": 93.97134775010866
    }
  },
  "jaccard_cross_seed": {
    "seed43_vs_seed44": {
      "avg": 0.15536397196553445,
      "per_layer_range": [
        0.05325091575091574,
        0.2595945720945721
      ]
    },
    "seed43_vs_seed45": {
      "avg": 0.14420702994921744,
      "per_layer_range": [
        0.08153617216117215,
        0.20380556943056943
      ]
    },
    "seed44_vs_seed45": {
      "avg": 0.15000284004190254,
      "per_layer_range": [
        0.08881639194139193,
        0.2107725607725608
      ]
    }
  }
}