{
  "model": "allenai/OLMoE-1B-7B-0125",
  "lambda": 1.0,
  "steps": 450,
  "lora_r": 8,
  "trainable_M": 58.720256,
  "before": {
    "loss": 3.0456727345784507,
    "val_loss": 2.0120497147242227,
    "M2": 0.7003965862095356
  },
  "after": {
    "loss": 3.0456727345784507,
    "val_loss": 2.0120497147242227,
    "M2": 0.687296437099576
  },
  "ce_trace": [
    2.049201488494873,
    2.3759751319885254,
    2.1061999797821045,
    2.6392314434051514,
    2.7263834476470947,
    2.5873827934265137,
    2.644421100616455,
    2.9360203742980957,
    2.688631772994995,
    2.612009286880493,
    2.51306414604187,
    2.927621841430664,
    3.166430711746216,
    2.7342259883880615,
    1.6307657957077026,
    1.7555369138717651,
    2.1275460720062256,
    2.3418681621551514,
    2.0319440364837646,
    2.320744752883911,
    2.3246538639068604,
    2.1332156658172607,
    2.30997371673584,
    2.307183027267456,
    2.1469125747680664,
    2.694709300994873,
    3.0361061096191406,
    2.759705066680908,
    2.4312379360198975,
    2.1913368701934814,
    2.1324257850646973,
    2.448009967803955,
    2.560032844543457,
    2.082138776779175,
    1.644343376159668,
    2.024533748626709,
    2.0752525329589844,
    2.246232032775879,
    2.3025197982788086,
    2.1464438438415527,
    2.4065046310424805,
    2.788621664047241,
    2.728789806365967,
    2.5873212814331055,
    2.380722761154175,
    2.4206690788269043,
    2.691744089126587,
    2.6720950603485107,
    2.65969181060791,
    2.5417428016662598,
    2.2369983196258545,
    2.557420015335083,
    2.8145461082458496,
    3.295289993286133,
    3.0935678482055664,
    2.6481847763061523,
    2.5088887214660645,
    2.967038154602051,
    3.0061700344085693,
    3.153318166732788,
    3.2917568683624268,
    2.8762359619140625,
    2.89816951751709,
    2.7986350059509277,
    2.551025390625,
    2.539457321166992,
    2.627155065536499,
    2.541029453277588,
    2.287975788116455,
    2.230215549468994,
    2.2569897174835205,
    2.257606029510498,
    2.4144904613494873,
    2.645810842514038,
    2.6796932220458984,
    2.6524674892425537,
    2.579343557357788,
    2.403024435043335,
    2.7543091773986816,
    2.8686654567718506,
    2.8825674057006836,
    2.980443239212036,
    2.787029266357422,
    2.674877882003784,
    2.6591005325317383,
    2.667541742324829,
    2.938105344772339,
    3.1519241333007812,
    3.1538333892822266,
    2.969618082046509,
    2.7748663425445557,
    2.7683396339416504,
    2.728480339050293,
    2.1123507022857666,
    1.7505543231964111,
    1.9382531642913818,
    2.0383341312408447,
    2.3542802333831787,
    2.762789249420166,
    2.820157289505005,
    2.7153711318969727,
    2.0264551639556885,
    2.1189768314361572,
    2.126894235610962,
    2.1878838539123535,
    2.260004997253418,
    2.3087947368621826,
    2.0583648681640625,
    2.0226683616638184,
    2.04227352142334,
    2.434537887573242,
    2.1853580474853516,
    2.073482036590576,
    2.583254337310791,
    2.2008066177368164,
    1.942062497138977,
    1.6853679418563843,
    2.2594003677368164,
    1.9807521104812622,
    1.931566596031189,
    2.107835531234741,
    2.122170925140381,
    2.018158435821533,
    2.0108466148376465,
    1.913015604019165,
    1.9552658796310425,
    2.1205899715423584,
    1.9411858320236206,
    1.9496448040008545,
    2.317741632461548,
    2.4839370250701904,
    2.4327497482299805,
    2.2256155014038086,
    2.18733549118042,
    2.4906187057495117,
    2.3155517578125,
    2.355813980102539,
    2.440058708190918,
    2.2244606018066406,
    2.0128800868988037,
    2.283407688140869,
    1.9380203485488892,
    1.9152554273605347,
    2.002528190612793,
    2.062716245651245,
    2.339585781097412,
    2.553745746612549,
    2.2564735412597656,
    2.0120954513549805,
    1.785536289215088,
    2.251304864883423,
    2.313203811645508,
    1.8779468536376953,
    2.0594592094421387,
    2.177478313446045,
    2.4721899032592773,
    2.606520175933838,
    2.8717875480651855,
    2.951624631881714,
    2.8880653381347656,
    2.7365567684173584,
    2.598163366317749,
    2.859318971633911,
    3.0430471897125244,
    3.022052049636841,
    2.898710250854492,
    2.540891408920288,
    2.6322741508483887,
    2.478410243988037,
    1.8320858478546143,
    2.423609495162964,
    2.6577975749969482,
    2.6797308921813965,
    2.5438005924224854,
    2.5631260871887207,
    2.7328195571899414,
    2.4215829372406006,
    1.8073128461837769,
    1.917317509651184,
    1.8598436117172241,
    1.9638296365737915,
    2.252631902694702,
    2.5391151905059814,
    2.385763645172119,
    1.945376992225647,
    1.9054673910140991,
    2.3668971061706543,
    2.635007381439209,
    2.541306734085083,
    2.5102357864379883,
    2.3256964683532715,
    1.9163269996643066,
    2.134847402572632,
    2.0905067920684814,
    1.9491151571273804,
    2.4905292987823486,
    2.5921196937561035,
    2.854595422744751,
    2.8215575218200684,
    2.5530011653900146,
    2.4859800338745117,
    2.415266513824463,
    2.4690067768096924,
    2.5384018421173096,
    2.7436182498931885,
    2.5117909908294678,
    1.9658629894256592,
    2.4881210327148438,
    2.7143936157226562,
    2.4140682220458984,
    1.568564772605896,
    1.713233470916748,
    1.890174388885498,
    2.051100492477417,
    2.3392980098724365,
    2.212110996246338,
    1.6463563442230225,
    1.6150563955307007,
    2.0239598751068115,
    1.7765367031097412,
    1.841964602470398,
    2.03841233253479,
    2.1450388431549072,
    2.277810573577881,
    2.1938579082489014,
    2.531613826751709,
    2.547921657562256,
    2.2115602493286133,
    1.758097529411316,
    1.4866445064544678,
    2.063666582107544,
    1.938944697380066,
    2.317413568496704,
    2.440720558166504,
    2.1014137268066406,
    1.7713176012039185,
    1.648547887802124,
    2.1834280490875244,
    2.3898351192474365,
    2.2809972763061523,
    2.002210855484009,
    2.038806915283203,
    2.264583110809326,
    2.219728946685791,
    2.202516794204712,
    2.217491388320923,
    2.0307726860046387,
    2.38741135597229,
    2.423041343688965,
    2.426185369491577,
    2.207873821258545,
    2.180497407913208,
    2.3919999599456787,
    2.376091480255127,
    2.2410178184509277,
    2.5550270080566406,
    1.8353747129440308,
    1.7050455808639526,
    2.016462564468384,
    1.7868732213974,
    1.9161758422851562,
    2.1216979026794434,
    2.165522813796997,
    2.1176562309265137,
    2.1263084411621094,
    2.105116844177246,
    1.9282029867172241,
    1.4500768184661865,
    1.0981863737106323,
    1.1952763795852661,
    1.4842880964279175,
    1.410054087638855,
    1.175699234008789,
    1.3739339113235474,
    1.0544623136520386,
    1.7740894556045532,
    1.4779646396636963,
    1.4350494146347046,
    1.4136172533035278,
    1.2928600311279297,
    1.449880838394165,
    1.6897369623184204,
    1.5776383876800537,
    1.5478724241256714,
    1.3829882144927979,
    1.641770601272583,
    1.6298624277114868,
    1.8883638381958008,
    2.1647868156433105,
    1.7438280582427979,
    1.057478427886963,
    1.1186548471450806,
    1.5921317338943481,
    1.2284709215164185,
    1.337199091911316,
    1.5175049304962158,
    1.626176118850708,
    1.2609437704086304,
    1.309936285018921,
    1.4902726411819458,
    1.5110063552856445,
    1.2081594467163086,
    1.3388315439224243,
    1.4588332176208496,
    1.1999027729034424,
    1.5649136304855347,
    1.5574800968170166,
    1.7880237102508545,
    1.6925513744354248,
    1.3540986776351929,
    1.3936368227005005,
    1.1870907545089722,
    1.5251237154006958,
    1.5571258068084717,
    1.324196219444275,
    1.9420233964920044,
    1.4911826848983765,
    1.1547640562057495,
    1.5565578937530518,
    1.5626558065414429,
    2.0024125576019287,
    2.091510057449341,
    1.906799554824829,
    2.162660837173462,
