{
  "config": {
    "device": "cuda",
    "seed": 0,
    "d": 384,
    "n_head": 6,
    "n_layer": 6,
    "hidden": 1024,
    "n_exp": 8,
    "k": 2,
    "block": 256,
    "bs": 32,
    "steps": 2000,
    "lr": 0.003,
    "wd": 0.1,
    "grad_clip": 1.0,
    "amp": true
  },
  "train_loss_curve": [
    [
      0,
      4.204
    ],
    [
      100,
      2.6123
    ],
    [
      200,
      2.5009
    ],
    [
      300,
      2.481
    ],
    [
      400,
      2.4671
    ],
    [
      500,
      2.4701
    ],
    [
      600,
      2.4824
    ],
    [
      700,
      2.5438
    ],
    [
      800,
      2.5509
    ],
    [
      900,
      2.4605
    ],
    [
      1000,
      2.5155
    ],
    [
      1100,
      2.4296
    ],
    [
      1200,
      2.3909
    ],
    [
      1300,
      2.3784
    ],
    [
      1400,
      2.3026
    ],
    [
      1500,
      2.2756
    ],
    [
      1600,
      2.212
    ],
    [
      1700,
      2.233
    ],
    [
      1800,
      2.321
    ],
    [
      1900,
      2.114
    ]
  ],
  "final_loss": 2.114,
  "probe": {
    "A_full_forward_flip": {
      "flip_rate": 0.0140380859375,
      "jaccard_mean": 0.009277343750000002,
      "n_tokens": 65536,
      "n_flipped": 920
    },
    "B1_autocast_gate_flip": {
      "flip_rate": 0.00250244140625,
      "jaccard_mean": 0.0016479492187500002,
      "n_tokens": 65536,
      "n_flipped": 164
    },
    "B2_weightbf16_gate_flip": {
      "flip_rate": 0.00250244140625,
      "jaccard_mean": 0.0016479492187500002,
      "n_tokens": 65536,
      "n_flipped": 164
    },
    "C_dt_distribution": {
      "n_tokens": 65536,
      "k": 2,
      "d_t_min": 0.000110626220703125,
      "d_t_1pct": 0.026767730712890625,
      "d_t_5pct": 0.13202190399169922,
      "d_t_50pct": 1.73301362991333,
      "d_t_mean": 2.2827701568603516,
      "left_tail_frac": {
        "frac_d_t_lt_0.0001": 0.0,
        "frac_d_t_lt_0.001": 0.0004425048828125,
        "frac_d_t_lt_0.01": 0.0040130615234375,
        "frac_d_t_lt_0.04": 0.01531982421875,
        "frac_d_t_lt_0.1": 0.0382232666015625,
        "frac_d_t_lt_0.5": 0.1771087646484375
      }
    }
  },
  "verdict": "PHENOMENON_REPRODUCED",
  "evidence_tier": "E",
  "note": "\u524d\u7f6e\u9a8c\u8bc1: from-scratch probe \u662f\u5426\u590d\u73b0 bf16 \u91cf\u5316\u8def\u7531\u7ffb\u8f6c. PHENOMENON_ABSENT => PAMS \u5728 probe \u8f7d\u4f53\u65e0\u5bf9\u8c61, \u9700\u91cd\u8bc4\u4f30."
}